Date,Returns
15-08-2014,-1.4909911280304942
14-08-2014,0.2040089702735075
13-08-2014,0.022621494111705633
12-08-2014,-2.096447505923604
11-08-2014,0.9151752267003176
08-08-2014,0.15672501266902827
07-08-2014,-0.9511780864465537
06-08-2014,0.5350132226136203
05-08-2014,-0.2302446861905791
04-08-2014,1.4299194299722173
01-08-2014,-1.2352880830157975
31-07-2014,0.9769170340578842
30-07-2014,2.767667295672448
29-07-2014,-0.3081285680761571
28-07-2014,0.8521100329473383
25-07-2014,-0.2675260387441137
24-07-2014,0.7351143070838646
23-07-2014,0.4432465089552041
22-07-2014,-0.20805520514734613
21-07-2014,-0.8861088811692466
18-07-2014,0.9517067581651729
17-07-2014,-3.587756314124124
16-07-2014,1.5564863016084718
15-07-2014,0.3638487909387967
14-07-2014,0.015384861130090204
11-07-2014,-0.972858317747872
10-07-2014,-1.3950835836940432
09-07-2014,0.8720022151257532
08-07-2014,-0.8661957654370359
07-07-2014,1.9541598427366802
03-07-2014,0.4259331416111772
02-07-2014,-0.4095882067513588
01-07-2014,0.057520580070334726
30-06-2014,-1.2682967580093576
27-06-2014,0.34070663349761887
26-06-2014,-0.21482023871028352
25-06-2014,0.46007240404843064
24-06-2014,-2.424607501177051
23-06-2014,0.05844736224963094
20-06-2014,-1.5204969973240956
19-06-2014,-0.2624183011963233
18-06-2014,-0.27572663914586487
17-06-2014,-1.872159595157023
16-06-2014,0.23388468623826594
13-06-2014,1.374283972921071
12-06-2014,-0.07430715544763544
11-06-2014,1.3584817926889932
10-06-2014,0.30599176030096564
09-06-2014,0.28008812184235493
06-06-2014,-1.030033215959652
05-06-2014,-0.4367898670123072
04-06-2014,-1.66817499770841
03-06-2014,0.05140872244769167
02-06-2014,1.6497243268481714
30-05-2014,1.0759562093061366
29-05-2014,0.0339306170346879
28-05-2014,0.28567753908925625
27-05-2014,0.7602178300838386
23-05-2014,-2.341200232192603
22-05-2014,-1.3823047861343851
21-05-2014,-1.1228060012109584
20-05-2014,-1.7014890448463649
19-05-2014,-0.17177696857747954
16-05-2014,-1.5561758862146162
15-05-2014,-0.12485547335222989
14-05-2014,1.2827528344982895
13-05-2014,1.222822653663265
12-05-2014,-0.5946454648352191
09-05-2014,-2.1116396343799058
08-05-2014,-1.4901830640510978
07-05-2014,-0.20352001811781242
06-05-2014,1.0157630841906928
05-05-2014,2.4595264768865004
02-05-2014,0.022738950774758727
01-05-2014,0.6478147446037391
30-04-2014,-0.8826621825869772
29-04-2014,0.1974741359354528
28-04-2014,-1.9992425276208121
25-04-2014,-0.18756696805476808
24-04-2014,1.7396974083298358
23-04-2014,0.3389481283143696
22-04-2014,1.4935283504264354
21-04-2014,-1.1574172009933976
17-04-2014,1.4149959975022812
16-04-2014,3.81272122639258
15-04-2014,-3.6115923511967645
14-04-2014,-0.73074978384821
11-04-2014,-0.36054821897516737
10-04-2014,1.9506208709289108
09-04-2014,4.286906312888322
08-04-2014,-1.6378948698954412
07-04-2014,-3.018555358991495
04-04-2014,0.9272472780464275
03-04-2014,4.897446426854562
02-04-2014,-0.48091842517416816
01-04-2014,0.028215744925349947
31-03-2014,-1.796672727468732
28-03-2014,0.5422282040375793
27-03-2014,-0.2732204132031737
26-03-2014,1.24591845729688
25-03-2014,2.363140190066582
24-03-2014,-0.06818384999489852
21-03-2014,2.168525115104359
20-03-2014,1.1935343015371351
19-03-2014,0.17458656384314228
18-03-2014,1.0014540012046869
17-03-2014,-1.5818179871458424
14-03-2014,-1.618989603765323
13-03-2014,1.3864202777114738
12-03-2014,1.5339836981823365
11-03-2014,-0.6054843274750558
10-03-2014,0.9650069463688578
07-03-2014,0.2657734517790174
06-03-2014,0.3967764774842837
05-03-2014,-0.11069213615296518
04-03-2014,-0.27498506131682576
03-03-2014,-1.0058316550538553
28-02-2014,1.0775858208817926
27-02-2014,0.29285126088727553
26-02-2014,0.07872993439880015
25-02-2014,-0.013928017616674454
24-02-2014,-0.6139348941820821
21-02-2014,-0.7191644070365842
20-02-2014,0.026575983998719504
19-02-2014,-0.14698932461171718
18-02-2014,0.7102771578241834
14-02-2014,-0.6672814843603396
13-02-2014,-0.24110326426566345
12-02-2014,-1.1009330673537063
11-02-2014,0.2941024864994615
10-02-2014,-1.449367738620433
07-02-2014,0.3845076866794701
06-02-2014,-1.4845724082315137
05-02-2014,-1.4448750452257728
04-02-2014,-0.44087301324479333
03-02-2014,-0.41557806179599294
31-01-2014,4.194343733374118
30-01-2014,-3.8595389803067475
29-01-2014,-2.5075050319430736
28-01-2014,1.453582024908415
27-01-2014,-1.939436239223595
24-01-2014,2.052252656754205
23-01-2014,3.227364008905665
22-01-2014,0.42410002992623164
21-01-2014,-0.1133021216837674
17-01-2014,-1.1317375511029466
16-01-2014,0.49455020546606426
15-01-2014,-0.6573068784194309
14-01-2014,0.06790860922790147
13-01-2014,-2.2985964116650015
10-01-2014,0.6411494898295954
09-01-2014,0.005312417385399415
08-01-2014,0.9723611041203636
07-01-2014,-0.2076757171132107
06-01-2014,-1.8913569871598428
03-01-2014,-1.102643291667078
02-01-2014,0.7348456120671386
31-12-2013,0.6818662046065466
30-12-2013,-1.0038296402671858
27-12-2013,0.8057975622659747
26-12-2013,-0.08405163357431458
24-12-2013,-0.5029251005553768
23-12-2013,0.29320560024762427
20-12-2013,-1.2985360097691259
19-12-2013,-1.3083502865431331
18-12-2013,-0.13533999161544308
17-12-2013,-1.372662303692573
16-12-2013,0.29163157942443346
13-12-2013,-1.1360929873616088
12-12-2013,0.8644486854241455
11-12-2013,0.6850708700926601
10-12-2013,0.6841287255465147
09-12-2013,-0.6011056201578127
06-12-2013,-0.7670633831107206
05-12-2013,-1.1711764637801778
04-12-2013,0.07944935341818937
03-12-2013,-0.46494760213305836
02-12-2013,0.11583167063867242
29-11-2013,0.48458973237430547
27-11-2013,0.33221384903631107
26-11-2013,-0.44210355071965013
25-11-2013,-1.17912264782712
22-11-2013,-1.3423555379763699
21-11-2013,0.21126420412833327
20-11-2013,-1.1372516784230862
19-11-2013,0.2826935264784224
18-11-2013,0.6193859491412936
15-11-2013,0.19485906970018593
14-11-2013,0.16157101571393526
13-11-2013,-0.26660168359328906
12-11-2013,-2.003931721374637
11-11-2013,-0.11761358734389976
08-11-2013,0.5382985330224274
07-11-2013,-0.795255854372944
06-11-2013,1.468328618950231
05-11-2013,-0.12026347328240618
04-11-2013,0.4493319363361861
01-11-2013,0.090632140316885
31-10-2013,0.34468126190734394
30-10-2013,-0.01552733278345825
29-10-2013,0.564813594371699
28-10-2013,-2.049714505755951
25-10-2013,0.019707141782254946
24-10-2013,1.019502349249873
23-10-2013,0.5714024821825533
22-10-2013,-2.366663062823149
21-10-2013,-0.36743157434271895
18-10-2013,0.8083321227336485
17-10-2013,-12.123669404679092
16-10-2013,1.0396166974848713
15-10-2013,-1.7839010798990744
14-10-2013,-0.6689291422424154
11-10-2013,-0.47026068245907043
10-10-2013,-0.430046655573196
09-10-2013,-1.4258767239109196
08-10-2013,-0.2558832140561045
07-10-2013,1.4138996807431399
04-10-2013,0.7635026441771082
03-10-2013,0.4287318155005172
02-10-2013,1.3583039893683166
01-10-2013,-0.11148360841641061
30-09-2013,-1.2502813572499947
27-09-2013,0.05480045739624801
26-09-2013,0.2031014815838623
25-09-2013,-0.10703752491002924
24-09-2013,1.0954916853984853
23-09-2013,-0.038340071786392545
20-09-2013,1.8736606001954184
19-09-2013,-0.5226337019708531
18-09-2013,0.5487559340726
17-09-2013,-1.905196096419624
16-09-2013,0.18620956566862867
13-09-2013,0.14756313082125466
12-09-2013,0.44878323828069333
11-09-2013,0.3504773994885672
10-09-2013,-0.8391037326171118
09-09-2013,-0.06976608839867064
06-09-2013,-0.9537801733934457
05-09-2013,-0.002270619863493788
04-09-2013,-0.9015874321723578
03-09-2013,-1.290687497004066
30-08-2013,-1.5667453468377952
29-08-2013,1.0071980863853989
28-08-2013,-0.8042740459180646
27-08-2013,0.1885604528904903
26-08-2013,1.9102470959428828
23-08-2013,0.44091596016386375
22-08-2013,0.4021956003561183
21-08-2013,-0.50131076003377
20-08-2013,-0.4497702252144939
19-08-2013,0.026575000012081577
16-08-2013,-1.0096429909124192
15-08-2013,0.3209222161894296
14-08-2013,1.1806951921449798
13-08-2013,1.3152294493640642
12-08-2013,0.483409772574617
09-08-2013,0.5533478489667492
08-08-2013,0.2526970727641756
07-08-2013,-0.22517067280641295
06-08-2013,0.6646826374659923
05-08-2013,0.9402475111024008
02-08-2013,0.17348196604544658
01-08-2013,-0.25921457979451573
31-07-2013,-1.8214605780248452
30-07-2013,0.35708018290058996
29-07-2013,-0.9709038475236322
26-07-2013,0.34909739210584434
25-07-2013,0.26543442117955596
24-07-2013,1.7122843647121446
23-07-2013,0.09968187100658063
22-07-2013,0.7634402803383545
19-07-2013,-1.5482545420856164
18-07-2013,1.570374913660825
17-07-2013,0.8641923248374326
16-07-2013,0.11539786392171511
15-07-2013,0.5524087537848578
12-07-2013,-0.18276691684785587
11-07-2013,-0.2990249762607661
10-07-2013,-1.5485081536969316
09-07-2013,-0.08278148274606029
08-07-2013,-0.016574126961797515
05-07-2013,-1.2816359494703835
03-07-2013,-0.7901591190533993
02-07-2013,-0.46478579422138955
01-07-2013,0.6312967939400054
28-06-2013,-0.8458394737412559
27-06-2013,-0.3748402503938208
26-06-2013,-0.38993452448373805
25-06-2013,-0.8527442118495888
24-06-2013,0.41445466114979335
21-06-2013,1.2807675082912493
20-06-2013,0.4324978944526507
19-06-2013,1.801661148930526
18-06-2013,-0.006665838495488818
17-06-2013,-1.5955614315348687
14-06-2013,-1.264881605191273
13-06-2013,0.22398457229041668
12-06-2013,-0.5724021111819186
11-06-2013,0.8979587535398265
10-06-2013,1.1832063091454195
07-06-2013,-1.1783578893694546
06-06-2013,-1.715303654444593
05-06-2013,-0.5713310397184589
04-06-2013,-0.0697939255811305
03-06-2013,0.9929019772168679
31-05-2013,0.4137715596794133
30-05-2013,-0.05280305419707543
29-05-2013,-0.2813640234745734
28-05-2013,1.4925564604377541
24-05-2013,-0.9021113170508872
23-05-2013,1.0843739614722674
22-05-2013,0.7510261567276476
21-05-2013,1.9731926625725933
20-05-2013,0.17200412680994706
17-05-2013,0.07154527016993366
16-05-2013,-0.5840416082162819
15-05-2013,1.3298353778429397
14-05-2013,-3.1433909757106657
13-05-2013,-1.07879359231834
10-05-2013,0.3076775214156743
09-05-2013,-0.9940606865953818
08-05-2013,0.24671321177900446
07-05-2013,-1.8772302998558477
06-05-2013,0.5039518466881425
03-05-2013,-1.8373845923519565
02-05-2013,-1.9048886136023913
01-05-2013,-1.10654056006681
30-04-2013,0.504609854222481
29-04-2013,-0.6682291516312109
26-04-2013,-2.15368454455649
25-04-2013,0.9582971569253406
24-04-2013,0.5376324583886567
23-04-2013,-0.682274394269772
22-04-2013,-0.9642300686377765
19-04-2013,-0.029999797500862162
18-04-2013,-4.245683309721154
17-04-2013,2.1738852227078636
16-04-2013,1.3813586476941417
15-04-2013,-1.4419500501080775
12-04-2013,1.0384540882050293
11-04-2013,0.04303690925634923
10-04-2013,-0.026570610073447364
09-04-2013,-1.5857154558735445
08-04-2013,-0.36005226739152396
05-04-2013,1.0582685028981547
04-04-2013,1.5350211484515672
03-04-2013,1.3998769658580323
02-04-2013,0.8484241397824672
01-04-2013,-1.45748989628745
28-03-2013,-0.8737024713643473
27-03-2013,1.0664935278319427
26-03-2013,1.2159591428078402
25-03-2013,-0.3421917807516978
22-03-2013,0.08275829361115619
21-03-2013,0.11723381908875258
20-03-2013,0.42526646980803096
19-03-2013,-0.41609613413086344
18-03-2013,-0.43509692681540896
15-03-2013,0.8059060493249658
14-03-2013,0.8891055154741263
13-03-2013,0.4588942433021932
12-03-2013,0.27867949343963816
11-03-2013,0.8711869993380021
08-03-2013,-0.3952927607977456
07-03-2013,0.12987793529720884
06-03-2013,-0.14653023437241677
05-03-2013,0.8684376221042014
04-03-2013,-2.039111364653835
01-03-2013,-1.863661654946677
28-02-2013,-0.6189618286567422
27-02-2013,-0.1772386631079911
26-02-2013,-1.206580327489129
25-02-2013,0.08100240473965743
22-02-2013,1.1305436027844349
21-02-2013,-0.5226940581430551
20-02-2013,-0.38590597186538805
19-02-2013,1.8158695038742785
15-02-2013,-1.73018874997495
14-02-2013,-0.6394274487164411
13-02-2013,-0.6295918374062935
12-02-2013,-0.2759091258427742
11-02-2013,0.22031296604454642
08-02-2013,0.3770407347358777
07-02-2013,-1.454094851167146
06-02-2013,-0.4884015436204507
05-02-2013,-0.5751971519613982
04-02-2013,-0.8775876489379725
01-02-2013,2.1844011445231772
31-01-2013,-2.5670502280509147
30-01-2013,-0.24612909875886416
29-01-2013,-0.01989487896726909
28-01-2013,-0.39141836374947203
25-01-2013,0.39161803414259133
24-01-2013,0.0716547811194512
23-01-2013,-1.6852066595607773
22-01-2013,-5.209714357677388
18-01-2013,0.23333413105197987
17-01-2013,0.9666257742309574
16-01-2013,0.5440563277149623
15-01-2013,1.3618822750917021
14-01-2013,-0.2317519503462151
11-01-2013,2.31455248126601
10-01-2013,0.2013540692337232
09-01-2013,-0.45315058381536844
08-01-2013,-0.65301050286629
07-01-2013,0.19774392259079104
04-01-2013,0.43824037120609294
03-01-2013,-1.9377456082371676
02-01-2013,-0.05804094087457831
31-12-2012,-2.1942610661852937
28-12-2012,-1.041871416745083
27-12-2012,0.8971273098434346
26-12-2012,0.3652903274754174
24-12-2012,0.08887049387850014
21-12-2012,0.8639897969108791
20-12-2012,0.9404340165743424
19-12-2012,-0.3114762514531933
18-12-2012,0.13330537045600324
17-12-2012,-0.040212904028460644
14-12-2012,-2.6110650546855134
13-12-2012,0.1054202555879756
12-12-2012,-0.7314618126553698
11-12-2012,-0.09748698087338108
10-12-2012,-1.6444681077593226
07-12-2012,-0.17653770499921265
06-12-2012,1.0113861908820365
05-12-2012,-0.47892105229343657
04-12-2012,0.4666897156380649
03-12-2012,0.6106800755637015
30-11-2012,0.4487576549194863
29-11-2012,-0.9278672670116718
28-11-2012,-1.1880540881703519
27-11-2012,-1.8956538840960497
26-11-2012,-1.4253540779118559
23-11-2012,1.031539535900639
21-11-2012,-0.31438601581940756
20-11-2012,0.6157308179434985
19-11-2012,-0.2626970287853199
16-11-2012,-3.1472156186667393
15-11-2012,0.012363144398081316
14-11-2012,0.8172940982784935
13-11-2012,0.9960892360258501
12-11-2012,1.0393814772454295
09-11-2012,-0.4310004696769713
08-11-2012,-1.6198354426024846
07-11-2012,2.273524925162595
06-11-2012,2.1885197514694936
05-11-2012,0.18189000831284266
02-11-2012,0.7262490435326299
01-11-2012,-0.04797492934087435
31-10-2012,-1.0602220094589359
26-10-2012,-0.7570142686002156
25-10-2012,0.386575842358517
24-10-2012,-0.0678663140542273
23-10-2012,0.45031206345990127
22-10-2012,-0.24692870810742268
19-10-2012,0.4597208525878238
18-10-2012,1.9375520886822932
17-10-2012,8.703594470337062
16-10-2012,-1.428210375442652
15-10-2012,-0.4995310591355694
12-10-2012,0.5087853504411108
11-10-2012,0.9036543249756674
10-10-2012,-0.9208502452047549
09-10-2012,-0.06311871415480555
08-10-2012,1.847888606394301
05-10-2012,1.294469776986011
04-10-2012,0.052106157421524954
03-10-2012,-0.7226041390399903
02-10-2012,-0.7226251766446955
01-10-2012,0.6327667484763297
28-09-2012,-0.9556554988133691
27-09-2012,0.26507920957278525
26-09-2012,-0.4018476800578151
25-09-2012,-0.5707076975207777
24-09-2012,0.02936614471373968
21-09-2012,-2.053696489434868
20-09-2012,-0.7997389884547395
19-09-2012,-0.08514947052699502
18-09-2012,-1.2673508022428255
17-09-2012,-1.1555434323109952
14-09-2012,-0.04224726662731863
13-09-2012,-0.5129154035154869
12-09-2012,-2.147179118413893
11-09-2012,0.18960519019906544
10-09-2012,1.2395462349178896
07-09-2012,0.7677288580844002
06-09-2012,-0.955887231166692
05-09-2012,-2.6708586272412016
04-09-2012,0.047006273491004225
31-08-2012,0.5946750553999407
30-08-2012,-0.4977376450216264
29-08-2012,0.9285841728514547
28-08-2012,-1.5639262290580294
27-08-2012,-1.1856841557463391
24-08-2012,1.406117085995638
23-08-2012,-0.2696631535077954
22-08-2012,0.056149674970315894
21-08-2012,-1.1326381698538406
20-08-2012,0.9006625193911507
17-08-2012,0.2368427565422416
16-08-2012,-0.6305893031573356
15-08-2012,-0.7921327104661757
14-08-2012,0.16778425064208025
13-08-2012,-1.2936377545242759
10-08-2012,-2.7287470540952623
09-08-2012,0.05451729890966772
08-08-2012,-0.018683847195757018
07-08-2012,-0.26314022316487395
06-08-2012,0.3559493224519757
03-08-2012,-0.23179116210428025
02-08-2012,-1.9615479996864769
01-08-2012,0.6250527723103624
31-07-2012,0.045830935681915805
30-07-2012,-0.10584769835815129
27-07-2012,0.42068935228590354
26-07-2012,-3.40179011957476
25-07-2012,-0.8755098639013559
24-07-2012,-0.06907429925055909
23-07-2012,1.3068433450555343
20-07-2012,-0.7619696134261406
19-07-2012,-2.9075743149844913
18-07-2012,-2.0739822668518553
17-07-2012,-0.6939188300579919
16-07-2012,-0.31383507838332164
13-07-2012,0.2782939459075621
12-07-2012,-1.0476669824178455
11-07-2012,0.12445450873620213
10-07-2012,1.8400199591906683
09-07-2012,0.7409387109915687
06-07-2012,-0.005122427153434095
05-07-2012,1.6963055005054974
03-07-2012,-1.3575687790887807
02-07-2012,-1.252063376558065
29-06-2012,-0.06890845634855504
28-06-2012,-2.716917513775144
27-06-2012,0.8842672869579336
26-06-2012,-0.8115182866796722
25-06-2012,-0.7048263039144989
22-06-2012,1.9225972703356786
21-06-2012,-1.097150737573433
20-06-2012,2.176185963007114
19-06-2012,0.696084382438173
18-06-2012,-1.8365276803913173
15-06-2012,-1.1106277702015146
14-06-2012,-0.9672149699452203
13-06-2012,0.36490950531040867
12-06-2012,0.7146748457004264
11-06-2012,0.6016681985371881
08-06-2012,2.10202633078725
07-06-2012,-0.3824656629747069
06-06-2012,0.40467904719020537
05-06-2012,-1.7499955094128932
04-06-2012,1.4340491003986187
01-06-2012,-1.3152594363974235
31-05-2012,1.730353218021434
30-05-2012,1.268806613505397
29-05-2012,1.0387154080403334
25-05-2012,-0.4727920526593042
24-05-2012,2.050606482789027
23-05-2012,0.9608124629401322
22-05-2012,-1.4209339852082195
21-05-2012,2.215382496709133
18-05-2012,-2.2325007814863853
17-05-2012,3.7724867619894713
16-05-2012,0.9437428661301299
15-05-2012,-2.8333874404737953
14-05-2012,-1.1634541982360211
11-05-2012,0.20364150186123786
10-05-2012,1.3928654124265902
09-05-2012,-0.7349355621127052
08-05-2012,0.5975536394889738
07-05-2012,-0.8551098491648188
04-05-2012,-1.7414160833166559
03-05-2012,2.3535456405401773
02-05-2012,-0.6153562682620366
01-05-2012,-0.46603204660086034
30-04-2012,0.06949107133153005
27-04-2012,1.674793753982861
26-04-2012,0.07967586681145748
25-04-2012,-0.9342434713313
24-04-2012,-1.3858838127944941
23-04-2012,-0.6103773668397389
20-04-2012,-0.2576960889321717
19-04-2012,0.5435703116062612
18-04-2012,1.3599202036850637
17-04-2012,0.3489959979975716
16-04-2012,-0.5741766478165113
13-04-2012,3.0574046597451985
12-04-2012,4.228309769145307
11-04-2012,-2.311797811272653
10-04-2012,-1.4309015673411758
09-04-2012,0.6349122796192627
05-04-2012,0.23460051304920396
04-04-2012,0.4475620625286474
03-04-2012,1.1760959853124642
02-04-2012,0.6691345538534369
30-03-2012,-0.8780008051249985
29-03-2012,1.118140231009625
28-03-2012,1.133544887969259
27-03-2012,-1.332800782373534
26-03-2012,0.35701456469332626
23-03-2012,-1.0379853036309212
22-03-2012,0.5384463661604444
21-03-2012,-0.9395606136906053
20-03-2012,-1.0140933265005723
19-03-2012,0.07734781344218727
16-03-2012,-1.4101394234416416
15-03-2012,-0.6255576384846054
14-03-2012,-0.8275214579911023
13-03-2012,0.29059093588058704
12-03-2012,-2.044425072389674
09-03-2012,-0.8097084745197581
08-03-2012,1.1478528910511865
07-03-2012,-0.0560027480183649
06-03-2012,-0.3032302257482409
05-03-2012,1.5356388548563817
02-03-2012,1.1396039122881583
01-03-2012,0.18510822282370945
29-02-2012,-0.6667767914881695
28-02-2012,0.022642557500253922
27-02-2012,-1.468327073490786
24-02-2012,0.09683616684587326
23-02-2012,-0.6214185364755526
22-02-2012,0.3019278843301886
21-02-2012,0.9968061907737897
17-02-2012,-1.5244242414219633
16-02-2012,0.31092961921748574
15-02-2012,-0.15828090833603858
14-02-2012,0.693574624671116
13-02-2012,0.40015042421551117
10-02-2012,-1.0274366310761955
09-02-2012,0.9159711404824127
08-02-2012,-0.26329696837707606
07-02-2012,-0.5050493676872213
06-02-2012,0.38235308052896594
03-02-2012,-2.094926811590085
02-02-2012,-1.8815085053162877
01-02-2012,-0.7314898819501217
31-01-2012,-0.12395607195454632
30-01-2012,-0.41716009400312015
27-01-2012,0.39640390564851613
26-01-2012,-2.0483457698197034
25-01-2012,0.24467844400724265
24-01-2012,2.0088142967403684
23-01-2012,0.7901047219272228
20-01-2012,0.0802733916676514
19-01-2012,9.14350510387167
18-01-2012,-1.0413249180844233
17-01-2012,-0.6841434290017809
13-01-2012,-0.5711295718591519
12-01-2012,0.7440111716399973
11-01-2012,-0.5844612918374296
10-01-2012,-0.45050488607459444
09-01-2012,-0.10912927675322402
06-01-2012,4.42759505122745
05-01-2012,1.3830331049366813
04-01-2012,1.4066598667052506
03-01-2012,-0.42946522624451156
30-12-2011,-2.932025328902422
29-12-2011,-0.5418808762738261
28-12-2011,-0.420293076786815
27-12-2011,0.08597255904659157
23-12-2011,-1.1105013485765203
22-12-2011,-0.5433191154075234
21-12-2011,-0.6161710866448413
20-12-2011,0.7270479819991668
19-12-2011,-1.3547612841367265
16-12-2011,0.6641665367776517
15-12-2011,-1.0256199563432675
14-12-2011,-0.23727733464020204
13-12-2011,1.2231672224320538
12-12-2011,-0.03836634640385979
09-12-2011,0.32460425914077473
08-12-2011,-1.812188748770906
07-12-2011,1.1914669559845583
06-12-2011,0.06095043420384613
05-12-2011,0.30139425582408225
02-12-2011,-0.8455238120958821
01-12-2011,-1.0622826076770082
30-11-2011,-2.3428960447923184
29-11-2011,-2.7461294421584412
28-11-2011,0.9023381749863563
25-11-2011,-4.282622034729474
23-11-2011,1.2628750242568698
22-11-2011,1.7347457388211183
21-11-2011,0.16207474674085462
18-11-2011,2.399558316015373
17-11-2011,1.0069290929416073
16-11-2011,1.764109863099165
15-11-2011,0.8324189206403132
14-11-2011,-0.5774046788875374
11-11-2011,-0.758563719521938
10-11-2011,-2.181301961455182
09-11-2011,0.98642263670351
08-11-2011,1.8953231520289076
07-11-2011,-0.6548602504726092
04-11-2011,-2.0038447627526104
03-11-2011,0.22813370569515398
02-11-2011,-2.1221823272619025
01-11-2011,-1.0550171872279503
31-10-2011,2.4176938640303813
28-10-2011,1.2655223349816866
27-10-2011,-0.24494751977847617
26-10-2011,-2.0645763258127348
25-10-2011,-0.5372495020924879
24-10-2011,2.273812581112903
21-10-2011,-0.9942624312149823
20-10-2011,-1.1549769522221718
19-10-2011,-0.5088515813824925
18-10-2011,1.689342148931002
17-10-2011,-1.3716977332462486
14-10-2011,1.5916672719417153
13-10-2011,-5.524946488514335
12-10-2011,-1.876594859208431
11-10-2011,-0.9699247821992851
10-10-2011,-1.1064457277851403
07-10-2011,-4.104844394993512
06-10-2011,-0.07958900244578647
05-10-2011,-1.9447853170213913
04-10-2011,-0.5547862768363074
03-10-2011,-1.2711684807770849
30-09-2011,3.939290958543014
29-09-2011,2.4192378378977692
28-09-2011,0.2540216598178725
27-09-2011,1.9854825037786148
26-09-2011,-1.3813181908248688
23-09-2011,-1.1995007448534272
22-09-2011,-0.9229169633254266
21-09-2011,3.5608763446870593
20-09-2011,1.3779613145818608
19-09-2011,0.007318642881238962
16-09-2011,0.0018266886447324182
15-09-2011,-0.7536403210876038
14-09-2011,-1.9334226168128066
13-09-2011,-0.47925780792191325
12-09-2011,0.11330191533732102
09-09-2011,-0.9941115006765281
08-09-2011,1.926268203421404
07-09-2011,-0.1738424253979741
06-09-2011,-2.2189830689461227
02-09-2011,0.5094064970705405
01-09-2011,1.4594949096728396
31-08-2011,1.5887317697824759
30-08-2011,-0.04806368125230618
29-08-2011,-0.29961190333140225
26-08-2011,-2.266826547115536
25-08-2011,-1.294465979732503
24-08-2011,0.6249498673155641
23-08-2011,-0.8542108824161282
22-08-2011,-3.9801779253422
19-08-2011,-1.4553273287208628
18-08-2011,2.843640082521787
17-08-2011,5.599343392083831
16-08-2011,1.0972582712840797
15-08-2011,3.382189316794479
12-08-2011,1.1736601032798524
11-08-2011,-0.2908940794937527
10-08-2011,-2.333986452951623
09-08-2011,4.444366181212715
08-08-2011,-4.776686848318739
05-08-2011,6.047403555577762
04-08-2011,-0.2625068786647435
03-08-2011,4.095100021934171
02-08-2011,-1.4588309241062785
01-08-2011,2.4257271575273665
29-07-2011,-0.5076031659611743
28-07-2011,1.2009432574563315
27-07-2011,-0.6088889307168478
26-07-2011,2.5196785123741097
25-07-2011,-0.5686587279115642
22-07-2011,-0.1211657814380881
21-07-2011,-1.8180986593721595
20-07-2011,-1.9176534677240822
19-07-2011,1.209369659787372
18-07-2011,-1.2629692821759335
15-07-2011,0.45047448319933914
14-07-2011,-11.492261040146081
13-07-2011,1.7620185988419321
12-07-2011,-0.7895813369375297
11-07-2011,-1.260269614328241
08-07-2011,0.8932580278717542
07-07-2011,2.746287772312337
06-07-2011,-2.0563428370548644
05-07-2011,-0.5454318702845606
01-07-2011,-2.1429602163443784
30-06-2011,-2.8117409913758014
29-06-2011,-1.739799801052026
28-06-2011,-0.787829534535046
27-06-2011,-2.1979124404997634
24-06-2011,-1.640428036986837
23-06-2011,1.1244898461723605
22-06-2011,1.4139360634685703
21-06-2011,1.2299582930186364
20-06-2011,-1.7079150097979694
17-06-2011,0.09079962292825465
16-06-2011,3.1648209988947706
15-06-2011,0.5156202423974198
14-06-2011,1.07763976188728
13-06-2011,-0.7160135593100737
10-06-2011,0.9470404023079825
09-06-2011,1.417050589617684
08-06-2011,0.4721923020694107
07-06-2011,-0.026963733558546945
06-06-2011,0.3911220153320047
03-06-2011,0.3876702145092702
02-06-2011,0.9520460105242509
01-06-2011,-0.4658549040294416
31-05-2011,0.6506847028379664
27-05-2011,-1.5349106192069772
26-05-2011,-0.5317693331930864
25-05-2011,0.2972211154113864
24-05-2011,-0.27132413700358354
23-05-2011,0.025084252005687042
20-05-2011,1.0879759339314359
19-05-2011,1.3777865247627707
18-05-2011,-0.2710603522100116
17-05-2011,0.12268742863487131
16-05-2011,-2.2697314537421236
13-05-2011,2.146908740224944
12-05-2011,1.0386232275751415
11-05-2011,0.07475804129286359
10-05-2011,1.3465250467752812
09-05-2011,-0.9176944512588662
06-05-2011,-0.44263901850191906
05-05-2011,-0.19242129263888014
04-05-2011,0.28450407102800834
03-05-2011,-0.35462379267185473
02-05-2011,0.8747168020713448
29-04-2011,1.0286643818097945
28-04-2011,-1.126632531489476
27-04-2011,-0.039026598608034875
26-04-2011,-0.9186284626449379
25-04-2011,-1.4582753721416206
21-04-2011,0.009521351142829287
20-04-2011,0.11997262446100838
19-04-2011,-0.7988908177966729
18-04-2011,1.0181561513846729
15-04-2011,0.7326808515424557
14-04-2011,9.008845274580848
13-04-2011,-0.38546369291266935
12-04-2011,-0.9839033827355171
11-04-2011,1.1846945922079088
08-04-2011,0.13682697291072912
07-04-2011,0.31825119454874634
06-04-2011,-1.0034400791973392
05-04-2011,-0.8864798528504374
04-04-2011,3.2666162883599097
01-04-2011,0.7010619237708744
31-03-2011,-0.8516390987834491
30-03-2011,-0.8385105599071963
29-03-2011,-0.018900329424178745
28-03-2011,-1.0950060470634324
25-03-2011,0.7612631996552687
24-03-2011,1.2333098039294106
23-03-2011,-0.805943707906698
22-03-2011,-0.8313925351081046
21-03-2011,-0.1420282966127278
18-03-2011,-2.678237912352362
17-03-2011,0.05347221474626411
16-03-2011,-0.7588692637912613
15-03-2011,2.23657873242082
14-03-2011,0.07549913252905129
11-03-2011,1.1789641569450027
10-03-2011,0.6224976907662444
09-03-2011,1.9765668277533925
08-03-2011,0.09124837668684342
07-03-2011,-0.10973142646018223
04-03-2011,1.514378740931884
03-03-2011,1.4884618790265263
02-03-2011,-1.438741419288071
01-03-2011,-0.004996743969011331
28-02-2011,2.1040075892453496
25-02-2011,-0.5477699338796777
24-02-2011,-0.1999883110757814
23-02-2011,0.41062994616954185
22-02-2011,-0.181571187767532
18-02-2011,3.256252065119733
17-02-2011,-0.7649823874627889
16-02-2011,-0.1663335603571381
15-02-2011,-0.01120819222346595
14-02-2011,0.6408691986131767
11-02-2011,-0.5810688754014302
10-02-2011,-1.2906331566532634
09-02-2011,0.00972970847763687
08-02-2011,0.3049480887631556
07-02-2011,-0.6614022100458923
04-02-2011,-0.5388381740945475
03-02-2011,-0.135847946582301
02-02-2011,0.3032118513188392
01-02-2011,-0.15686362255902855
31-01-2011,-1.747842824506219
28-01-2011,0.10493341897452799
27-01-2011,2.629000459357612
26-01-2011,-0.04702139061215597
25-01-2011,0.5531242292394152
24-01-2011,-1.4243955016472438
21-01-2011,0.12273220077340663
20-01-2011,2.4418559370001645
19-01-2011,0.7945434998717211
18-01-2011,1.2473308877084104
14-01-2011,-2.4154539701365807
13-01-2011,-1.1999752298720479
12-01-2011,0.02918703070506419
11-01-2011,-0.13941732830205733
10-01-2011,-0.2922022604482279
07-01-2011,0.36306930545425875
06-01-2011,-0.4769314146032667
05-01-2011,-0.7220854009957443
04-01-2011,-1.1410880584057683
03-01-2011,0.37035906566620824
31-12-2010,-1.7175490986309858
30-12-2010,0.8232780923896973
29-12-2010,0.3573473217639989
28-12-2010,-0.34609522824468636
27-12-2010,0.577706987586556
23-12-2010,0.30711295187177523
22-12-2010,0.2085326194925245
21-12-2010,-0.3996742223287849
20-12-2010,-1.3282063782075593
17-12-2010,-0.7158919250604813
16-12-2010,0.1540307272719329
15-12-2010,-0.23829039872272414
14-12-2010,0.7809566732219514
13-12-2010,-0.04875077366577391
10-12-2010,-0.40530111402952074
09-12-2010,-0.11988788940807393
08-12-2010,-0.16230015086390254
07-12-2010,-0.5757484338590696
06-12-2010,-1.4953810901927203
03-12-2010,-0.9267552194196206
02-12-2010,-0.20593416644433998
01-12-2010,-1.3063610276431412
30-11-2010,-1.5309635697661514
29-11-2010,4.750686357797847
26-11-2010,1.3554132865887334
24-11-2010,0.8423688694837712
23-11-2010,-2.0101863357213863
22-11-2010,1.4082053208097922
19-11-2010,-0.06595597376275211
18-11-2010,0.9698143603072819
17-11-2010,-2.1808383403217126
16-11-2010,0.029133331403672313
15-11-2010,2.0129504886872103
12-11-2010,1.3132542709110855
11-11-2010,2.3040309230997034
10-11-2010,0.9219220390760369
09-11-2010,0.31145400537467927
08-11-2010,0.31209480732027345
05-11-2010,-0.2696407596994968
04-11-2010,-0.12957857914124513
03-11-2010,-0.6551720890074791
02-11-2010,-0.7384900664305573
01-11-2010,-0.09746919768503055
29-10-2010,-0.21138544902651255
28-10-2010,0.795183482455609
27-10-2010,-0.3411025619312458
26-10-2010,0.3455097763220707
25-10-2010,-0.339476941845385
22-10-2010,-0.6439522023093022
21-10-2010,-0.08816556950809486
20-10-2010,-0.6552344421856371
19-10-2010,-0.024667845580688682
18-10-2010,1.625449993854662
15-10-2010,-2.6323028326862548
14-10-2010,-10.062349885001119
13-10-2010,0.43813350410660923
12-10-2010,-0.3515598853168696
11-10-2010,-0.4710078144580067
08-10-2010,-0.4621058827350569
07-10-2010,-1.1820563257163665
06-10-2010,0.818852120671111
05-10-2010,0.726109734474429
04-10-2010,-2.950407735111286
01-10-2010,0.6260214719430695
30-09-2010,0.03234419146823369
29-09-2010,0.36135695189337574
28-09-2010,-0.09854433276188258
27-09-2010,0.6146031098867333
24-09-2010,-0.5882218482582043
23-09-2010,-2.619056335336527
22-09-2010,0.49076871487552215
21-09-2010,-0.4922486726840357
20-09-2010,-1.0088396459085274
17-09-2010,-3.566929402128622
16-09-2010,-1.8545349617986477
15-09-2010,-0.08730612556545163
14-09-2010,-0.04369454010143239
13-09-2010,0.3829904474765059
10-09-2010,-1.27107374630191
09-09-2010,0.00840170870959666
08-09-2010,-1.1760285694639676
07-09-2010,-1.3132728602835693
03-09-2010,1.2704617127995892
02-09-2010,-1.5139278191413326
01-09-2010,-0.6153111577977541
31-08-2010,-2.2397006144297964
30-08-2010,0.5933075837002744
27-08-2010,1.3563355423563455
26-08-2010,-1.7108717416516102
25-08-2010,0.8071302755870058
24-08-2010,-0.710480675803093
23-08-2010,2.8090961951013544
20-08-2010,-0.44174035631518693
19-08-2010,1.287819527945404
18-08-2010,3.030108314446768
17-08-2010,1.7359741856331143
16-08-2010,-1.005055608790765
13-08-2010,0.15651227723943253
12-08-2010,1.1637690343936864
11-08-2010,-0.05487475151281576
10-08-2010,2.434211497255398
09-08-2010,0.3255852766815301
06-08-2010,-1.0151372612402203
05-08-2010,1.5753090002393155
04-08-2010,-0.35032929887885916
03-08-2010,-3.2568304147572653
02-08-2010,0.11840565331164449
30-07-2010,-1.1337409588569782
29-07-2010,0.028872766284815988
28-07-2010,-0.13196030027464012
27-07-2010,1.709508304356913
26-07-2010,-0.742950695807276
23-07-2010,0.2229128574111091
22-07-2010,-1.0712936953962062
21-07-2010,-1.5078096798789642
20-07-2010,0.8565463825464322
19-07-2010,-3.199815639558535
16-07-2010,-1.4093277380440756
15-07-2010,7.48677971623153
14-07-2010,-0.5424862867873639
13-07-2010,-0.43554568960411055
12-07-2010,-2.7330322808446073
09-07-2010,-1.75272963100076
08-07-2010,-2.3380125042202398
07-07-2010,-1.393031498974499
06-07-2010,-3.1385993024833865
02-07-2010,0.11006780018009575
01-07-2010,0.673468364807399
30-06-2010,1.2423475016886025
29-06-2010,2.0923709731675304
28-06-2010,3.922862077075749
25-06-2010,0.12709421167277157
24-06-2010,0.5119779777323457
23-06-2010,1.4628488816070306
22-06-2010,0.8712811112569812
21-06-2010,0.47506172952958253
18-06-2010,2.3477126359474054
17-06-2010,0.010003777300744738
16-06-2010,0.2379600753818481
15-06-2010,-0.6543398015418138
14-06-2010,-2.9719448511221342
11-06-2010,1.098944840211323
10-06-2010,-0.30501575882787657
09-06-2010,-2.667297388158005
08-06-2010,2.2699462312580314
07-06-2010,0.15264780345727824
04-06-2010,2.7187387665505574
03-06-2010,1.3795314369533118
02-06-2010,-2.4189071529407387
01-06-2010,-2.229563980686955
28-05-2010,0.6758245801168463
27-05-2010,0.9945882688044987
26-05-2010,-3.0563138772655254
25-05-2010,0.3365090580415906
24-05-2010,0.018864265072644507
21-05-2010,-1.0709183608629447
20-05-2010,0.6270517707518084
19-05-2010,4.088333054569966
18-05-2010,0.7968786880342393
17-05-2010,1.9262788209246726
14-05-2010,-0.0866186581876377
13-05-2010,0.6600600662861079
12-05-2010,-1.07461889089761
11-05-2010,0.7241928167623073
10-05-2010,2.4751988786270767
07-05-2010,-5.465349722244428
06-05-2010,1.1213827681553812
05-05-2010,2.2239152541226304
04-05-2010,-0.6650146895559714
03-05-2010,4.785033857154904
30-04-2010,-0.9234848999102254
29-04-2010,1.1984050335855367
28-04-2010,-0.528194067530844
27-04-2010,-0.02456653609305868
26-04-2010,0.48765906608639376
23-04-2010,2.5111022146038344
22-04-2010,0.3798205984282386
21-04-2010,1.3234358649105105
20-04-2010,0.13350279694415151
19-04-2010,-0.8900289339432439
16-04-2010,0.009087776320704136
15-04-2010,8.206861657464717
14-04-2010,-1.0582927365462376
13-04-2010,-0.37860881586889966
12-04-2010,-2.392756589003746
09-04-2010,-1.136666158835676
08-04-2010,0.22429489710157446
07-04-2010,-0.6960463247097968
06-04-2010,0.8304669187478029
05-04-2010,0.49100001772209073
01-04-2010,-0.38702895925776126
31-03-2010,-0.29535502941481745
30-03-2010,-0.07230231875120333
29-03-2010,-0.751704848264149
26-03-2010,0.042676038936462005
25-03-2010,0.033762720877603236
24-03-2010,-0.9860042772616113
23-03-2010,-1.494625370282532
22-03-2010,1.5482701380135282
19-03-2010,0.44842999729336075
18-03-2010,1.1428565565581335
17-03-2010,-0.14830327094255
16-03-2010,-0.06365142700999907
15-03-2010,-0.35739463360723256
12-03-2010,2.9049293424594644
11-03-2010,0.2760757893705751
10-03-2010,-0.8070343674108441
09-03-2010,-2.8207127641591123
08-03-2010,0.4087980768452518
05-03-2010,0.30756101914348005
04-03-2010,-1.7050332474931256
03-03-2010,-1.6715102246233904
02-03-2010,-0.7811905862619095
01-03-2010,-1.546963231231164
26-02-2010,-1.1057042492571332
25-02-2010,-0.0702420296674997
24-02-2010,0.9573923228984828
23-02-2010,0.677364719902685
22-02-2010,1.4446781398019053
19-02-2010,-0.3758342692427216
18-02-2010,0.4549137047136475
17-02-2010,-0.9222746831428907
16-02-2010,0.5741196864517889
12-02-2010,-1.5111694382238618
11-02-2010,0.6152477915682538
10-02-2010,-0.3635403910385049
09-02-2010,0.37235226257791115
08-02-2010,-0.5536525608816563
05-02-2010,-0.40864829167593947
04-02-2010,-0.8488783492882734
03-02-2010,2.665245088707458
02-02-2010,-1.7935690596992622
01-02-2010,0.35773061759181274
29-01-2010,-0.5778364417165615
28-01-2010,0.8208446796745323
27-01-2010,1.4617622063428075
26-01-2010,0.05902621317303609
25-01-2010,-0.4461460525327615
22-01-2010,1.853698988850864
21-01-2010,5.99443303642589
20-01-2010,-0.4408317814350534
19-01-2010,1.242219860362314
15-01-2010,-1.2967577043993461
14-01-2010,1.6982785852367275
13-01-2010,-0.46791600939790173
12-01-2010,0.5774308774852254
11-01-2010,1.8002246868788219
08-01-2010,0.15138885745730998
07-01-2010,-1.3155736509931135
06-01-2010,2.3834361061433365
05-01-2010,2.586066131748771
04-01-2010,0.44231487340101017
31-12-2009,-1.0801710028044702
30-12-2009,0.44355534561325555
29-12-2009,-0.5347323997896297
28-12-2009,0.5602176959454328
24-12-2009,-0.7048003519132202
23-12-2009,-1.0994779611628815
22-12-2009,-1.7263931725682877
21-12-2009,-0.4059022226262649
18-12-2009,-0.3775014757149964
17-12-2009,-0.4158082017841765
16-12-2009,0.6431608334983239
15-12-2009,-0.7728913569685057
14-12-2009,0.43665796442467736
11-12-2009,-0.8762345458396683
10-12-2009,0.16765564811811684
09-12-2009,-0.41927696921619173
08-12-2009,-0.33445463996757313
07-12-2009,-0.13627184130422132
04-12-2009,-0.21151089676753718
03-12-2009,0.12477734842548108
02-12-2009,0.3021882274024079
01-12-2009,0.4016969199485545
30-11-2009,-1.1646656329155454
27-11-2009,-0.5557470310537048
25-11-2009,1.0314564228753633
24-11-2009,-0.45241419627337937
23-11-2009,-0.12691145453722125
20-11-2009,-2.1275893484788013
19-11-2009,0.5316253703106278
18-11-2009,0.6387493437669562
17-11-2009,0.14566716628687568
16-11-2009,-0.2095209798872415
13-11-2009,-0.7340234563201049
12-11-2009,-0.7342030692908754
11-11-2009,0.47724024408557403
10-11-2009,-0.6660154493461866
09-11-2009,-0.7498766051795692
06-11-2009,-2.0284047417599047
05-11-2009,-0.44456638948318977
04-11-2009,-1.5164512104416712
03-11-2009,-0.5626150373226303
02-11-2009,-0.6141899163477788
30-10-2009,0.3988767749629195
29-10-2009,2.784828008355415
28-10-2009,-1.950817660548678
27-10-2009,1.4788043579050096
26-10-2009,1.0797194704389936
23-10-2009,-0.09382843999461385
22-10-2009,0.07224094920114775
21-10-2009,-0.5396209942787599
20-10-2009,0.1125005102166921
19-10-2009,0.06706935397132054
16-10-2009,-0.4057298315009126
15-10-2009,-3.626443371271728
14-10-2009,1.020922988106503
13-10-2009,-1.7204645773407325
12-10-2009,-0.3934512418504866
09-10-2009,-1.4865305166186011
08-10-2009,-0.40096548779027563
07-10-2009,0.6534596210574088
06-10-2009,-3.6325639663724116
05-10-2009,-2.049167507398286
02-10-2009,-0.8065187421829054
01-10-2009,0.5406770734519641
30-09-2009,1.7754528939866905
29-09-2009,0.5404841529730966
28-09-2009,0.0
25-09-2009,-1.213567004626057
24-09-2009,0.8711026505762766
23-09-2009,0.3401967460804181
22-09-2009,0.12036840543891848
21-09-2009,-0.41277610632275
18-09-2009,-1.114689144047814
17-09-2009,0.05290467299599887
16-09-2009,-0.6975483448465071
15-09-2009,-2.2015631374370797
14-09-2009,-0.5067607819426211
11-09-2009,-0.6272099356198376
10-09-2009,-0.25416374908486183
09-09-2009,-1.4800180602245872
08-09-2009,-1.1530908076712978
04-09-2009,0.5843597450594272
03-09-2009,-0.8194263504306508
02-09-2009,-0.9857439829810419
01-09-2009,0.6070471859499779
31-08-2009,1.2967373253972199
28-08-2009,0.6671392096037687
27-08-2009,0.2818733703515943
26-08-2009,0.4162585886463575
25-08-2009,0.7200869239515402
24-08-2009,-0.56007314199524
21-08-2009,-0.7445630820693044
20-08-2009,-1.038177893984763
19-08-2009,-3.5707286518897137
18-08-2009,0.29506643686762113
17-08-2009,-0.08758689934248416
14-08-2009,3.396348113261674
13-08-2009,0.4956521227088543
12-08-2009,-0.8003815624868232
11-08-2009,-1.0118211351557977
10-08-2009,0.5881845137850963
07-08-2009,0.10731054072607261
06-08-2009,-1.4745096954404802
05-08-2009,0.17319074775854892
04-08-2009,0.5741000632731994
03-08-2009,-0.33499876938516776
31-07-2009,-2.0256074050383206
30-07-2009,0.5845830022993549
29-07-2009,-2.1093260678520687
28-07-2009,0.8275280334480994
27-07-2009,1.1253842419024307
24-07-2009,0.431657103502374
23-07-2009,-2.0997484543728215
22-07-2009,-2.206525700155063
21-07-2009,0.04910412817744161
20-07-2009,0.5304935206825919
17-07-2009,0.018599575612273288
16-07-2009,2.870427074002944
15-07-2009,-1.0009095966634298
14-07-2009,-3.0764301104586993
13-07-2009,-0.0918333265545708
10-07-2009,-2.3332489802143925
09-07-2009,-0.9676643359897461
08-07-2009,-1.9250016758104525
07-07-2009,-1.4559333512859194
06-07-2009,3.272568501715557
02-07-2009,-0.27343008273429836
01-07-2009,2.570441250352676
30-06-2009,0.6205424888475152
29-06-2009,0.6048499772640363
26-06-2009,0.27821116058767603
25-06-2009,-2.245369155584614
24-06-2009,-1.5585560502971147
23-06-2009,-0.8820098936756822
22-06-2009,0.41165288505153913
19-06-2009,3.1275284974391973
18-06-2009,-1.4354052164285613
17-06-2009,0.2656602950350881
16-06-2009,0.2023368734184947
15-06-2009,0.1850951648559903
12-06-2009,1.9363173824082438
11-06-2009,0.9791932831233492
10-06-2009,0.839159022753711
09-06-2009,0.6981053744750859
08-06-2009,0.723109011245683
05-06-2009,1.264897979507457
04-06-2009,-0.9092521249653644
03-06-2009,-1.9601172900409785
02-06-2009,-0.7529227700138893
01-06-2009,-0.4295053571351466
29-05-2009,-2.1872670703747774
28-05-2009,-1.6369890421218973
27-05-2009,-1.1793379415840886
26-05-2009,-0.29588883759390544
22-05-2009,-2.6857213546468914
21-05-2009,0.7623897918710107
20-05-2009,0.17150016117965916
19-05-2009,0.4280133298955571
18-05-2009,-0.5114316375774173
15-05-2009,-1.7236154589694228
14-05-2009,-0.6410249335482275
13-05-2009,0.5264512182536739
12-05-2009,2.431071102038666
11-05-2009,2.248068939529135
08-05-2009,-0.15932404259674163
07-05-2009,-2.6317710174792
06-05-2009,1.7296581648857212
05-05-2009,-0.11896862072501982
04-05-2009,-0.2506258841139194
01-05-2009,-2.062296984587211
30-04-2009,0.5791434726175341
29-04-2009,-1.1364546948071617
28-04-2009,-1.9822706879923893
27-04-2009,0.5837720989004319
24-04-2009,0.9172210114625247
23-04-2009,-1.2323805260802165
22-04-2009,-0.21575911468130823
21-04-2009,-0.6226221792637451
20-04-2009,-0.5688515694617333
17-04-2009,3.4115430105598357
16-04-2009,-0.8923053675492301
15-04-2009,-2.3769122474626307
14-04-2009,-2.790511513337101
13-04-2009,2.4938257936131194
09-04-2009,-1.4836949601159943
08-04-2009,-2.818790313763009
07-04-2009,-0.9254157434923018
06-04-2009,2.673919515604449
03-04-2009,0.418202752594146
02-04-2009,-1.9687361302937287
01-04-2009,-2.3200014535876003
31-03-2009,-1.7029556846128155
30-03-2009,-1.5428367220679327
27-03-2009,1.461965754297242
26-03-2009,1.6077068424855334
25-03-2009,-2.609755965014954
24-03-2009,0.9009752633182391
23-03-2009,0.411908346901119
20-03-2009,-5.289734267178748
19-03-2009,-0.0666335733279585
18-03-2009,0.9577479146247974
17-03-2009,0.6724773411965372
16-03-2009,-4.666912115314613
13-03-2009,1.4795600018541366
12-03-2009,-0.27433006270614774
11-03-2009,-1.7370928789313071
10-03-2009,-3.0637550747112505
09-03-2009,-5.607298755500981
06-03-2009,6.077900316936109
05-03-2009,-0.949544042153103
04-03-2009,4.344980461504776
03-03-2009,2.0569485805007734
02-03-2009,0.5161544073198082
27-02-2009,3.3103139009666145
26-02-2009,-0.23965258528475744
25-02-2009,1.3227308070609078
24-02-2009,1.1152100812213193
23-02-2009,-4.455055229113338
20-02-2009,4.965763500330809
19-02-2009,-1.09972681661174
18-02-2009,3.0556868445526826
17-02-2009,-2.959418111902589
13-02-2009,4.383349320404386
12-02-2009,1.5013412811836742
11-02-2009,-1.3799698345625606
10-02-2009,0.1312665330779635
09-02-2009,5.651170980921522
06-02-2009,-1.977454772001548
05-02-2009,-4.7295895448244005
04-02-2009,-3.030643820941118
03-02-2009,-0.7434370611548968
02-02-2009,0.03524325410521513
30-01-2009,-0.598994779842445
29-01-2009,1.414944941012893
28-01-2009,1.5583115980471869
27-01-2009,-4.93016814732705
26-01-2009,-2.29576194556581
23-01-2009,0.25627682991170514
22-01-2009,-5.605177948671671
21-01-2009,-1.1158228031901136
20-01-2009,-6.707792544715893
16-01-2009,5.984083267646842
15-01-2009,-0.22691632109507323
14-01-2009,0.6622256836568123
13-01-2009,4.435656037628144
12-01-2009,-0.5185758530200332
09-01-2009,0.7611409197109194
08-01-2009,3.2119764160785906
07-01-2009,-0.9778890771102708
06-01-2009,3.742120950202393
05-01-2009,-1.7990755553254176
02-01-2009,-2.051515225173116
31-12-2008,-4.254327353310554
30-12-2008,-1.4757008473257596
29-12-2008,-1.8772097356038446
26-12-2008,0.9884991078319255
24-12-2008,0.862296925333495
23-12-2008,-1.6273315240182435
22-12-2008,-0.3053431176212362
19-12-2008,4.395677857158748
18-12-2008,0.03546432636664207
17-12-2008,1.5985524457642044
16-12-2008,3.1848829922383826
15-12-2008,-4.491516773786118
12-12-2008,1.6383912394946958
11-12-2008,-4.921457424853784
10-12-2008,2.8645608395326025
09-12-2008,-0.9228671638795101
08-12-2008,-1.2615595152664851
05-12-2008,-5.997816378431435
04-12-2008,-3.3980027561837414
03-12-2008,1.8553583417975115
02-12-2008,-1.5460023395769282
01-12-2008,-3.3150358760969763
28-11-2008,10.139481255222835
26-11-2008,-0.29697214980718034
25-11-2008,-3.4372948864276194
24-11-2008,-8.72540133304505
21-11-2008,1.9383064696369574
20-11-2008,-1.0936250897667783
19-11-2008,7.94421361844103
18-11-2008,6.153190041735167
17-11-2008,0.907804684938578
14-11-2008,3.298683022149328
13-11-2008,0.6644727534186305
12-11-2008,-6.754678007157104
11-11-2008,7.030930840422404
10-11-2008,2.3502209019275315
07-11-2008,3.877281618526595
06-11-2008,0.024161923154864078
05-11-2008,3.327094899813904
04-11-2008,7.217155172369419
03-11-2008,-5.5731242349977155
31-10-2008,3.7143985755125697
30-10-2008,0.09182966918088599
29-10-2008,-0.46984831184615067
28-10-2008,3.002788440040334
27-10-2008,-10.646774393901302
24-10-2008,2.974291512795614
23-10-2008,3.8403756448626565
22-10-2008,0.9508324107843126
21-10-2008,1.9906168854285164
20-10-2008,4.567882675930486
17-10-2008,-1.7874136518270614
16-10-2008,-5.2397078181224295
15-10-2008,-3.9232896265512927
14-10-2008,6.9404791117885205
13-10-2008,5.048104491644287
10-10-2008,-12.86546592196861
09-10-2008,-0.909640323400364
08-10-2008,2.7752482185558613
07-10-2008,2.3365220230310646
06-10-2008,7.283026116082089
03-10-2008,4.229407301227988
02-10-2008,0.9252772768632447
01-10-2008,5.436760259321454
30-09-2008,-2.72029482585017
29-09-2008,-4.873665577195035
26-09-2008,13.133861360556583
25-09-2008,1.985897089721968
24-09-2008,-1.0213834678560987
23-09-2008,-1.3421925648275577
22-09-2008,0.20267143306672875
19-09-2008,4.41948769348316
18-09-2008,-2.2420089033066883
17-09-2008,-5.600345068553997
16-09-2008,6.8614447467432935
15-09-2008,-2.0477278989277354
12-09-2008,0.8758557138134858
11-09-2008,-0.893384684397725
10-09-2008,-4.516426151843095
09-09-2008,1.0865336262253829
08-09-2008,0.30812700290213957
05-09-2008,5.7864036007124895
04-09-2008,1.3528399825005053
03-09-2008,3.1426304203109128
02-09-2008,0.1808724410490372
29-08-2008,-0.42127602266923736
28-08-2008,2.2642356531370744
27-08-2008,-1.0975537277045788
26-08-2008,1.1908342086674453
25-08-2008,1.8664589773994453
22-08-2008,1.5693263741119245
21-08-2008,-0.8275796320345151
20-08-2008,-0.3144664996277412
19-08-2008,1.134020395143346
18-08-2008,1.5902080730278694
15-08-2008,2.378087143687086
14-08-2008,-0.9134531828475034
13-08-2008,-1.0801450271010669
12-08-2008,0.5159708586996399
11-08-2008,-0.3521631533095668
08-08-2008,-1.164044072018427
07-08-2008,-3.2100351987977436
06-08-2008,1.5069323999852926
05-08-2008,-1.3344561978645353
04-08-2008,-3.5115139706709173
01-08-2008,1.0496705494228573
31-07-2008,1.2589253560659017
30-07-2008,1.8891853923883237
29-07-2008,0.08493450508015235
28-07-2008,-1.2398811547254158
25-07-2008,3.1145195404632364
24-07-2008,-3.32534081023184
23-07-2008,2.8594280150590325
22-07-2008,-2.4753712516499653
21-07-2008,-1.7417353858620686
18-07-2008,2.6706527865213214
17-07-2008,10.828550914352187
16-07-2008,0.40491566872737533
15-07-2008,-3.6426418782900094
14-07-2008,1.0715164247454025
11-07-2008,2.335034220663605
10-07-2008,1.2682712430904337
09-07-2008,0.18128591935599425
08-07-2008,2.3968222689303387
07-07-2008,-1.9151320077653127
03-07-2008,-1.2704343122312969
02-07-2008,-1.8547454957303096
01-07-2008,1.4590982079676609
30-06-2008,-1.5540596231631896
27-06-2008,0.3134420285642979
26-06-2008,0.1420254739614823
25-06-2008,4.19424245012569
24-06-2008,-1.5789528471869425
23-06-2008,0.5366100356225529
20-06-2008,0.2237575598813074
19-06-2008,2.5200024630827786
18-06-2008,0.38913887379777135
17-06-2008,1.258940065977098
16-06-2008,0.5882718502081605
13-06-2008,-0.22694444803364688
12-06-2008,-3.247542341809494
11-06-2008,-1.4015750447303053
10-06-2008,1.6452714779623283
09-06-2008,0.6676712980342179
06-06-2008,1.6365785478164177
05-06-2008,3.4038757113381566
04-06-2008,-2.401498232393731
03-06-2008,-0.8598061272297397
02-06-2008,1.357298926510298
30-05-2008,1.8782669886963383
29-05-2008,-0.4779799178354276
28-05-2008,-2.5317347959771426
27-05-2008,-1.2917024815745506
23-05-2008,-2.902483735955736
22-05-2008,0.8886994613992387
21-05-2008,0.09645734615256904
20-05-2008,5.201914482181846
19-05-2008,-0.18666143107336597
16-05-2008,0.4415412536396029
15-05-2008,0.1603233184967365
14-05-2008,-0.8089475700479891
13-05-2008,1.1625902952390792
12-05-2008,0.3327586115186202
09-05-2008,-2.0070445542336386
08-05-2008,1.711446218057932
07-05-2008,-0.6878048676465908
06-05-2008,1.2711578225186544
05-05-2008,1.4564340063433272
02-05-2008,-2.2877736976621375
01-05-2008,2.0282471590842723
30-04-2008,-3.1682091696586534
29-04-2008,-2.75470605681067
28-04-2008,-1.137036354440288
25-04-2008,-1.4598283757452664
24-04-2008,-0.18747624547035244
23-04-2008,0.6353153916800581
22-04-2008,1.5572085043101025
21-04-2008,-3.1009043931134617
18-04-2008,0.3012331337394636
17-04-2008,-16.660794833528133
16-04-2008,1.221251776947896
15-04-2008,-1.799883016315355
14-04-2008,1.0786860954361992
11-04-2008,1.2819360362671768
10-04-2008,2.5423562546415526
09-04-2008,-1.0424649813635187
08-04-2008,0.7798518143023028
07-04-2008,1.9259942224333038
04-04-2008,-1.2017080933191715
03-04-2008,-3.390011762266155
02-04-2008,2.324662786175165
01-04-2008,0.002144290042138149
31-03-2008,-5.419682620669302
28-03-2008,-0.5426016693916473
27-03-2008,1.36961419019287
26-03-2008,3.1773558390363936
25-03-2008,-1.6172321329332346
24-03-2008,2.1695708311047674
20-03-2008,-5.864595497971484
19-03-2008,-0.3575153392505492
18-03-2008,1.6574089079178775
17-03-2008,-4.392480903011109
14-03-2008,4.298951423824784
13-03-2008,1.1623109663704816
12-03-2008,-0.6388109453434992
11-03-2008,-0.07723728109871333
10-03-2008,-5.961261394895168
07-03-2008,4.770075544272197
06-03-2008,-0.1499896705566865
05-03-2008,3.46660112715135
04-03-2008,-0.6924247596280475
03-03-2008,2.793523662745897
29-02-2008,3.0983312030379597
28-02-2008,0.8935006880307012
27-02-2008,-0.53219148906154
26-02-2008,-1.833525823932209
25-02-2008,4.793293134314604
22-02-2008,4.3910875740741515
21-02-2008,-0.972821307715508
20-02-2008,1.2210144358337107
19-02-2008,-0.009821189338318296
15-02-2008,4.06522471965292
14-02-2008,0.4927926627465367
13-02-2008,0.4452786374660781
12-02-2008,-3.091913724964911
11-02-2008,0.5925606761272808
08-02-2008,-0.8577020115282648
07-02-2008,-2.2721569936629193
06-02-2008,-0.641648324117351
05-02-2008,1.0145283556073863
04-02-2008,-2.243483310413276
01-02-2008,4.131763091565252
31-01-2008,9.381658438094854
30-01-2008,-2.8406902268449734
29-01-2008,0.41038905221591493
28-01-2008,0.9917832319677435
25-01-2008,1.87417068986445
24-01-2008,1.42832384004384
23-01-2008,-4.5031320238586945
22-01-2008,6.512712799269519
18-01-2008,2.720974155367565
17-01-2008,0.08995926543362566
16-01-2008,2.5233450410760083
15-01-2008,3.523011390721545
14-01-2008,2.535874238334337
11-01-2008,-2.381386565199508
10-01-2008,1.3286280712147465
09-01-2008,1.0004209724622377
08-01-2008,-3.2945494728265254
07-01-2008,2.781472563071651
04-01-2008,1.193676804229072
03-01-2008,4.312029907111987
02-01-2008,-0.02042630657647192
31-12-2007,0.9179886958766802
28-12-2007,1.5980205167304073
27-12-2007,-0.25478615206163935
26-12-2007,1.4413294778877987
24-12-2007,-1.4222636032517924
21-12-2007,-0.5765400566059445
20-12-2007,-1.0047534926074548
19-12-2007,-1.7863087789815353
18-12-2007,-0.5934651894957887
17-12-2007,-0.61186584312198
14-12-2007,3.097589300738244
13-12-2007,0.5927851947455944
12-12-2007,0.7636342584660165
11-12-2007,-0.021453582082216854
10-12-2007,2.748859634999369
07-12-2007,-0.49413969024229676
06-12-2007,0.05455606550375887
05-12-2007,-2.3418038710439073
04-12-2007,-2.0543778432367965
03-12-2007,-0.384412844661095
30-11-2007,1.6829805170125
29-11-2007,0.5771981397829349
28-11-2007,-0.680055841860702
27-11-2007,-2.699848513876874
26-11-2007,-1.1238649554945168
23-11-2007,1.60660522745704
21-11-2007,-2.3910134607775917
20-11-2007,-1.8137284744834274
19-11-2007,-3.498620803535161
16-11-2007,1.2431043599849998
15-11-2007,-0.6281286074556737
14-11-2007,1.9105899873771452
13-11-2007,2.940712601261958
12-11-2007,-4.311550674204161
09-11-2007,5.046910039867819
08-11-2007,4.498691753780823
07-11-2007,5.63530327885109
06-11-2007,1.2074663979492324
05-11-2007,-2.1758155960196386
02-11-2007,-1.9844311847183858
01-11-2007,-1.1304003380479377
31-10-2007,0.538952752961198
30-10-2007,-1.729843738612673
29-10-2007,-2.2367062808250284
26-10-2007,-0.6816573682722301
25-10-2007,-0.9027577111122691
24-10-2007,1.093478371908373
23-10-2007,-0.007397214627427051
22-10-2007,-3.702443680031105
19-10-2007,-0.9281615898516138
18-10-2007,-0.7895007376219805
17-10-2007,-0.9599442282987687
16-10-2007,-2.7593622957794404
15-10-2007,0.6672102022316462
12-10-2007,2.7865992498784347
11-10-2007,-2.4145327455939523
10-10-2007,0.5450126584116854
09-10-2007,-1.6325816706110658
08-10-2007,-0.9038016610063152
05-10-2007,-2.5540474889680946
04-10-2007,-2.5284092936883775
03-10-2007,0.8617875845713201
02-10-2007,0.06335965155702852
01-10-2007,-0.3148583898284671
28-09-2007,-2.6229542619148014
27-09-2007,0.040542486261999675
26-09-2007,0.1162988940667167
25-09-2007,0.14784387136648947
24-09-2007,-0.17222800875882482
21-09-2007,-1.3943203812815004
20-09-2007,-1.2979726036140251
19-09-2007,-1.081712910528685
18-09-2007,-2.117580076156414
17-09-2007,-1.8626171463628796
14-09-2007,0.6567707587538963
13-09-2007,-0.7508322058416642
12-09-2007,-0.4058771874645337
11-09-2007,-0.2525576180846202
10-09-2007,-1.3139553169187759
07-09-2007,0.9465975559110267
06-09-2007,0.8029248985190987
05-09-2007,0.8175348032647313
04-09-2007,-0.5020786096314565
31-08-2007,-1.8851770063825224
30-08-2007,-0.7472115626400905
29-08-2007,0.2894043852236253
28-08-2007,-1.2634550714665689
27-08-2007,1.3546598417454032
24-08-2007,0.3390069922946903
23-08-2007,-0.5456296065432339
22-08-2007,0.10933686831914229
21-08-2007,-1.1974633495143463
20-08-2007,-1.7153258535171485
17-08-2007,0.4257728706166682
16-08-2007,-1.7038650576492824
15-08-2007,1.226805761548365
14-08-2007,2.220886788848809
13-08-2007,1.3566659636585887
10-08-2007,0.04848831632903435
09-08-2007,-0.19776699291273722
08-08-2007,2.1467546467543546
07-08-2007,-1.8562813000453957
06-08-2007,-1.1666290847782061
03-08-2007,-1.3725465065286653
02-08-2007,1.5924481696422004
01-08-2007,0.3776831590667308
31-07-2007,-0.5731715168734158
30-07-2007,1.1980462004685217
27-07-2007,-0.8176575507730854
26-07-2007,-0.7599318977795186
25-07-2007,0.34645496808576126
24-07-2007,0.8317609475275297
23-07-2007,-0.2898774350365458
20-07-2007,1.4848473887286597
19-07-2007,5.473741306127114
18-07-2007,0.16588263073821974
17-07-2007,1.0009042320310721
16-07-2007,-0.36216370479631127
13-07-2007,-0.15009381134731944
12-07-2007,-1.2369620496117733
11-07-2007,-0.1576956458689262
10-07-2007,-0.20754365095690466
09-07-2007,-0.14355907810265012
06-07-2007,-0.5824228638521615
05-07-2007,0.4134238005675153
03-07-2007,-1.3459332322856576
02-07-2007,-0.7411084918171995
29-06-2007,-1.4480156426756041
28-06-2007,0.44193949704400487
27-06-2007,0.24380230297357486
26-06-2007,0.7543417551253463
25-06-2007,-0.5355886074206881
22-06-2007,-0.46263306670084525
21-06-2007,-2.070554793566649
20-06-2007,-0.8052752864635379
19-06-2007,0.8510359956368932
18-06-2007,0.17304379087284555
15-06-2007,-1.8070661097142278
14-06-2007,-0.6028966174149356
13-06-2007,0.477285702314853
12-06-2007,-0.09302246811246537
11-06-2007,1.3015841068801568
08-06-2007,0.8115845805941732
07-06-2007,-0.08340623674804823
06-06-2007,0.6193362294455778
05-06-2007,0.11385093364164084
04-06-2007,-2.268521309930529
01-06-2007,-1.3154037534511356
31-05-2007,-0.497598176189099
30-05-2007,0.13857606785663173
29-05-2007,-2.3044502549279327
25-05-2007,-0.737000725011179
24-05-2007,-1.9006430039329156
23-05-2007,-0.07590011845092623
22-05-2007,0.3987579148020901
21-05-2007,-1.105367098155289
18-05-2007,-0.05949324760488315
17-05-2007,0.1360763398490995
16-05-2007,0.35034599351293116
15-05-2007,-3.091345189290873
14-05-2007,0.8253305340117062
11-05-2007,1.0741024946451614
10-05-2007,-1.1291052318278052
09-05-2007,1.6859164747889648
08-05-2007,-0.5199828158942036
07-05-2007,0.09854089738013563
04-05-2007,0.823936841121727
03-05-2007,0.44786727085613637
02-05-2007,-1.574287762195272
01-05-2007,0.6913142174275869
30-04-2007,0.5074651614919082
27-04-2007,1.6186501918944602
26-04-2007,0.4530172931864239
25-04-2007,-0.6629497020427086
24-04-2007,-0.09623647816247902
23-04-2007,0.32458227518567867
20-04-2007,0.7096987734749451
19-04-2007,-2.244657259985704
18-04-2007,0.924414345425216
17-04-2007,-0.6743520804488362
16-04-2007,0.31091285643175726
13-04-2007,-1.682584664631281
12-04-2007,0.23590361997415316
11-04-2007,-0.6119121574509679
10-04-2007,0.42408557297143434
09-04-2007,0.3665589252035943
05-04-2007,0.7048147481827993
04-04-2007,-0.10391903807222905
03-04-2007,0.33544131072141725
02-04-2007,-2.97714674794643
30-03-2007,-0.08069329986393825
29-03-2007,0.6024097359499178
28-03-2007,0.20827374532071163
27-03-2007,0.3767249818039769
26-03-2007,0.297658048790221
23-03-2007,-0.6817228746496949
22-03-2007,0.04547418875518525
21-03-2007,-1.1882120638437312
20-03-2007,-2.4685115710250627
19-03-2007,0.43792685344492543
16-03-2007,-1.4265582857011514
15-03-2007,1.2112916854811275
14-03-2007,0.4056597309105559
13-03-2007,-1.1093764545756317
12-03-2007,2.64542003140681
09-03-2007,-0.39362488393648043
08-03-2007,0.38855998071089165
07-03-2007,0.20232219444812163
06-03-2007,0.4191894415923195
05-03-2007,-3.628021594942322
02-03-2007,-0.514793483642031
01-03-2007,2.176979540917199
28-02-2007,0.2721840895378408
27-02-2007,-0.15129561940873834
26-02-2007,3.6009569041339313
23-02-2007,1.2238359351343466
22-02-2007,1.1113020948128165
21-02-2007,0.002098551822118454
20-02-2007,-0.7901445559274625
16-02-2007,-0.45753317734666826
15-02-2007,-1.8023541655023183
14-02-2007,0.9664731848753136
13-02-2007,-1.4658810482480513
12-02-2007,-0.17643210199617015
09-02-2007,0.7855266586460743
08-02-2007,1.9788255089078974
07-02-2007,-0.2165495288501326
06-02-2007,0.3127652775437119
05-02-2007,-0.9162692308572584
02-02-2007,3.069615862464221
01-02-2007,0.051918443641980255
31-01-2007,4.099641043153468
30-01-2007,-1.4317069468963546
29-01-2007,-0.3742549334440589
26-01-2007,0.6843070563529026
25-01-2007,-1.5629999730006654
24-01-2007,2.249584276764291
23-01-2007,-4.011463180102022
22-01-2007,0.37365810491519597
19-01-2007,1.8530034175959271
18-01-2007,-0.3920332430769098
17-01-2007,1.9371486356660164
16-01-2007,1.4076550401465242
12-01-2007,0.14277862853766576
11-01-2007,-1.0455449032554098
10-01-2007,-2.053148234407625
09-01-2007,-0.809056773012781
08-01-2007,-0.3954646377029639
05-01-2007,0.7465106336452767
04-01-2007,-0.8066646389322875
03-01-2007,-3.242560039691621
29-12-2006,-1.520559615049099
28-12-2006,0.45169611293041273
27-12-2006,1.182551744142618
26-12-2006,-2.243444563721007
22-12-2006,-0.4262017132755108
21-12-2006,0.13608813063226563
20-12-2006,1.4686558403061496
19-12-2006,1.2378449853324862
18-12-2006,-1.2440514634331368
15-12-2006,3.781333848073147
14-12-2006,0.37892922411094854
13-12-2006,-0.6492166966215986
12-12-2006,0.5824799045605314
11-12-2006,0.4462609708706558
08-12-2006,0.037194119355187606
07-12-2006,-0.3036495841799235
06-12-2006,1.2576660603641836
05-12-2006,-0.34990062525165744
04-12-2006,-0.44147764725842836
01-12-2006,-0.8353109096481283
30-11-2006,0.8340268494219628
29-11-2006,-0.0330008778582024
28-11-2006,1.0007198388815979
27-11-2006,-0.9703793873452813
24-11-2006,4.177410474099212
22-11-2006,0.5960435449086582
21-11-2006,0.322823071641421
20-11-2006,-2.864709271378157
17-11-2006,0.7554812446343867
16-11-2006,-0.5794029823860495
15-11-2006,-0.8005636659876312
14-11-2006,-0.5346286737565525
13-11-2006,-1.6901732006049501
10-11-2006,-1.5549944635968416
09-11-2006,-0.19427716291547195
08-11-2006,0.5014483987471139
07-11-2006,-0.5115796704740548
06-11-2006,0.9268472806483262
03-11-2006,-1.0797773541373785
02-11-2006,-0.400591962977505
01-11-2006,-0.5128640473798236
31-10-2006,1.9016059506720238
30-10-2006,0.03778280417578274
27-10-2006,-0.2874738827185565
26-10-2006,2.0833344567882164
25-10-2006,0.3092182974679311
24-10-2006,-2.7311992563467578
23-10-2006,1.5782476116364048
20-10-2006,-4.390779284718082
19-10-2006,-7.311767980420527
18-10-2006,-1.584283800050477
17-10-2006,0.317182596034165
16-10-2006,0.26388622917405097
13-10-2006,1.3159433225584283
12-10-2006,0.032768463248656336
11-10-2006,-0.21991470962732731
10-10-2006,0.035171300564218896
09-10-2006,0.5508007871100443
06-10-2006,-1.981352657419186
05-10-2006,-2.0665903575085056
04-10-2006,0.9446141635819194
03-10-2006,-2.804906495274829
02-10-2006,-0.6435033460827253
29-09-2006,0.11458717532673753
28-09-2006,0.418017287925547
27-09-2006,-0.16353540743045175
26-09-2006,0.9803413054270307
25-09-2006,-0.7103016104487011
22-09-2006,-0.049506276262760926
21-09-2006,0.7603144446526087
20-09-2006,-2.421036083443006
19-09-2006,1.715359516337827
18-09-2006,2.694340099111141
15-09-2006,-1.1599061727961089
14-09-2006,-1.4394442596505626
13-09-2006,0.6411196083884886
12-09-2006,-3.6082314269278686
11-09-2006,-1.992859589944523
08-09-2006,-1.624613305143758
07-09-2006,0.16937785880240527
06-09-2006,0.43594057771297196
05-09-2006,1.1101206399117098
01-09-2006,-1.4985961699987738
31-08-2006,-0.018487533811853477
30-08-2006,0.5864766074749965
29-08-2006,-0.4727498639194455
28-08-2006,0.5277716145599368
25-08-2006,-2.0186379339122063
24-08-2006,0.125922077761598
23-08-2006,-0.08027431182167244
22-08-2006,1.30145054870966
21-08-2006,-0.26170273706513525
18-08-2006,1.6061445299579438
17-08-2006,0.6364746929193017
16-08-2006,0.4976700012848977
15-08-2006,-1.7409464865830178
14-08-2006,-3.02911323507384
11-08-2006,-0.2517352389666368
10-08-2006,1.5468104470710453
09-08-2006,0.732228373537693
08-08-2006,1.0770921113877925
07-08-2006,-0.8005233103580749
04-08-2006,-1.0847987649119022
03-08-2006,0.41192773120622467
02-08-2006,-2.1737361349041264
01-08-2006,2.254718705282449
31-07-2006,2.953315691672956
28-07-2006,0.3931686139656417
27-07-2006,-1.473770641154026
26-07-2006,0.8106735527531738
25-07-2006,1.0012958344445428
24-07-2006,0.3955182343599808
21-07-2006,-0.2020971777343402
20-07-2006,-0.7664468758958862
19-07-2006,3.0688146998424712
18-07-2006,1.015038837428273
17-07-2006,1.2008442489579223
14-07-2006,-1.0762754580108778
13-07-2006,1.3209401788829374
12-07-2006,2.059541484449825
11-07-2006,1.7519424740059248
10-07-2006,-1.4980193337814858
07-07-2006,0.538021976742583
06-07-2006,0.651682844381062
05-07-2006,-0.4088006043485302
03-07-2006,0.41284801636086704
30-06-2006,-0.9144568852648463
29-06-2006,-0.36248774264711614
28-06-2006,-2.8003165244744967
27-06-2006,-0.9332451332825764
26-06-2006,0.47226310113017966
23-06-2006,0.15832820299629694
22-06-2006,-1.2127641104700018
21-06-2006,0.5450716657965661
20-06-2006,-3.7201917501742523
19-06-2006,0.25053370760676896
16-06-2006,0.659557145910858
15-06-2006,0.07678761115532695
14-06-2006,-1.6905396304326783
13-06-2006,0.5541232163557662
12-06-2006,-1.2884178291026698
09-06-2006,1.3183452279428156
08-06-2006,1.7409513171233286
07-06-2006,-1.7264183643950068
06-06-2006,0.900365971037562
05-06-2006,-3.9872841419601963
02-06-2006,1.3353259340658077
01-06-2006,0.8380759575995468
31-05-2006,-2.822644656891719
30-05-2006,0.03227790172833306
26-05-2006,2.529974292370597
25-05-2006,0.43005207810845697
24-05-2006,-0.4543166397950382
23-05-2006,-1.487214830034172
22-05-2006,-1.232757719252465
19-05-2006,-0.2507123534848258
18-05-2006,0.2621543207403983
17-05-2006,0.9461156214357956
16-05-2006,-0.8544724297601611
15-05-2006,1.3196823518987162
12-05-2006,-0.5502350949103161
11-05-2006,3.439977788770658
10-05-2006,4.1291971276656545
09-05-2006,1.4442429928503344
08-05-2006,-3.4295508985421552
05-05-2006,-0.12158739272990778
04-05-2006,0.11412954679933711
03-05-2006,-0.14693259997016858
02-05-2006,0.15983162607467674
01-05-2006,1.0384997280950927
28-04-2006,4.773126783494029
27-04-2006,0.5000761778050081
26-04-2006,1.4141841550138778
25-04-2006,0.27936022099988755
24-04-2006,3.122953408915157
21-04-2006,-0.7718494219379249
20-04-2006,-5.056053864084801
19-04-2006,-1.0843348867877907
18-04-2006,-1.52497170966776
17-04-2006,0.6382364434897575
13-04-2006,-1.1454720199652744
12-04-2006,1.6883836284609772
11-04-2006,0.17361243611374885
10-04-2006,1.640387133932196
07-04-2006,-2.454485866891361
06-04-2006,1.2359656858311596
05-04-2006,-0.7758191734893821
04-04-2006,-0.8946253843087337
03-04-2006,-3.620722106478585
31-03-2006,0.07698465627038203
30-03-2006,-0.39999840456272673
29-03-2006,1.6836541568373244
28-03-2006,-4.501490777373591
27-03-2006,-1.9909882343320227
24-03-2006,-1.0522284896284833
23-03-2006,-6.536357162438879
22-03-2006,-0.48846863729547313
21-03-2006,-0.08817211658496432
20-03-2006,2.4329216617094103
17-03-2006,-2.4124728636001618
16-03-2006,-0.3001892997030487
15-03-2006,1.691417349529313
14-03-2006,1.9332370833073702
13-03-2006,-4.015268056761594
10-03-2006,0.13054020379013
09-03-2006,1.6296293835680393
08-03-2006,3.1720159490606186
07-03-2006,2.9868851237786997
06-03-2006,1.001512453621736
03-03-2006,2.7383864160452047
02-03-2006,-0.45745445608806984
01-03-2006,-3.094703183607892
28-02-2006,-0.5975839040441333
27-02-2006,7.655389588562605
24-02-2006,-3.3249626543626016
23-02-2006,0.17753370371048627
22-02-2006,-3.3274254834812047
21-02-2006,0.30096445136396655
17-02-2006,0.5892092196191585
16-02-2006,-0.6210125656437806
15-02-2006,-6.570976994084647
14-02-2006,0.27454975309333707
13-02-2006,0.6932248272830486
10-02-2006,4.891527571043778
09-02-2006,-1.058987235746567
08-02-2006,2.8737034697975554
07-02-2006,-0.31429578719059625
06-02-2006,4.669493382321527
03-02-2006,-0.9218386147930043
02-02-2006,3.797673512519248
01-02-2006,1.4493491365424511
31-01-2006,7.685796069413842
30-01-2006,-1.3497934041908586
27-01-2006,1.56272436684687
26-01-2006,0.17993076081882636
25-01-2006,-0.2924453894304201
24-01-2006,2.3163993392393984
23-01-2006,-3.5054077790231752
20-01-2006,-6.559059839529414
19-01-2006,9.2599997649486
18-01-2006,1.9383661381573043
17-01-2006,4.989772250403566
13-01-2006,-0.18410902453950811
12-01-2006,-0.561933485967404
11-01-2006,1.7255135483154542
10-01-2006,-0.39649533816815635
09-01-2006,-0.6088177448221105
06-01-2006,-0.265584195292025
05-01-2006,-3.0966797222929925
04-01-2006,-1.3296706137138017
03-01-2006,-2.2482267746106315
30-12-2005,-4.680279630207409
29-12-2005,1.275125457876598
28-12-2005,1.556583665916985
27-12-2005,-0.4804383735005864
23-12-2005,1.481254452060299
22-12-2005,0.257584525388418
21-12-2005,-1.321639753404482
20-12-2005,0.7998528798067793
19-12-2005,-1.1960752892685553
16-12-2005,1.3071104534520301
15-12-2005,-1.766819384979379
14-12-2005,-0.8496050528297432
13-12-2005,-0.3508678589969903
12-12-2005,-1.1688923414951506
09-12-2005,-0.8264493686478895
08-12-2005,0.35434850837309073
07-12-2005,-1.5658070849220675
06-12-2005,0.07916806369018319
05-12-2005,0.32381875425833934
02-12-2005,2.9197994921326473
01-12-2005,-0.8642586250238572
30-11-2005,-2.2169024627807588
29-11-2005,-0.3383503128587261
28-11-2005,4.94126974834003
25-11-2005,1.2137560404649246
23-11-2005,-1.3438486772759413
22-11-2005,-1.5111414046608969
21-11-2005,-1.7072021422108656
18-11-2005,-2.2351995637079467
17-11-2005,0.8095762798087299
16-11-2005,-1.3136709831389424
15-11-2005,-1.3437130499263052
14-11-2005,1.0616065762324445
11-11-2005,-1.6550384825683802
10-11-2005,0.17930382249460627
09-11-2005,-3.055481934588648
08-11-2005,2.83529284169669
07-11-2005,1.3157209262280207
04-11-2005,-1.1644688762495539
03-11-2005,-1.147457358020217
02-11-2005,-1.6245615059421508
01-11-2005,-0.07901632914321495
31-10-2005,-1.9083738203177627
28-10-2005,-3.753967370931119
27-10-2005,-1.426695243920096
26-10-2005,0.6741096757098867
25-10-2005,-2.3998398628053463
24-10-2005,0.5015673264798907
21-10-2005,-2.5096774125754107
20-10-2005,-10.797294377390719
19-10-2005,1.8139838441652167
18-10-2005,-1.7557464337450337
17-10-2005,0.5671278172169354
14-10-2005,-2.9049147525900167
13-10-2005,0.43897832981761853
12-10-2005,1.1867927753096807
11-10-2005,1.704488207367321
10-10-2005,1.4864455280791629
07-10-2005,0.7532617527895075
06-10-2005,-0.07668019485996394
05-10-2005,-0.6522776664618607
04-10-2005,0.09333243092824467
03-10-2005,2.469448567241244
30-09-2005,-0.6966204471263467
29-09-2005,-2.1614091672122693
28-09-2005,-1.1691732208204584
27-09-2005,2.5947680373015145
26-09-2005,0.10830511891785685
23-09-2005,0.34363975279840686
22-09-2005,-1.2652197857134926
21-09-2005,0.17021374709291567
20-09-2005,-1.279255257795601
19-09-2005,-1.3380529242683208
16-09-2005,-1.1817387655169609
15-09-2005,0.8061243862200026
14-09-2005,0.12557696330198626
13-09-2005,2.864685220901645
12-09-2005,-0.6224379889633946
09-09-2005,-3.438367489187969
08-09-2005,-1.2370871920302893
07-09-2005,-0.17603121008345274
06-09-2005,-2.6316664058284314
02-09-2005,0.46671808640959866
01-09-2005,-0.7627034122501812
31-08-2005,-0.08733181427306154
30-08-2005,0.4440561348912778
29-08-2005,0.41076506165272414
26-08-2005,-1.6883420644071632
25-08-2005,-0.3491062004028165
24-08-2005,-0.007078080766543343
23-08-2005,-1.0581399326299867
22-08-2005,-1.9922722847071361
19-08-2005,2.1860478063704556
18-08-2005,-0.0035664139274650952
17-08-2005,1.8250630168776447
16-08-2005,0.1929135375756892
15-08-2005,-0.5776269942669683
12-08-2005,2.01408390437816
11-08-2005,-1.9570642231732198
10-08-2005,0.5738382529576465
09-08-2005,2.0617495990225336
08-08-2005,-0.10974418442543249
05-08-2005,0.37768067241399567
04-08-2005,1.8402542241783841
03-08-2005,-0.14441971768640288
02-08-2005,0.6357190691593049
01-08-2005,-2.5335082489062315
29-07-2005,-1.3202597829620533
28-07-2005,1.9947187251094087
27-07-2005,1.1686592103491094
26-07-2005,-0.282902272890728
25-07-2005,-0.08105689520467566
22-07-2005,2.213960641050096
21-07-2005,3.816141924190477
20-07-2005,-0.6179571732670739
19-07-2005,-0.6730687097572925
18-07-2005,-3.3430163036547618
15-07-2005,0.5508417896199409
14-07-2005,-0.09960795523879776
13-07-2005,-0.6746587024517368
12-07-2005,-2.3690010926911356
11-07-2005,0.5380696672553973
08-07-2005,0.9817686453911904
07-07-2005,-0.23293256232508855
06-07-2005,-1.3602169629471184
05-07-2005,1.4372916272332432
01-07-2005,-1.5082289804491689
30-06-2005,0.9957047157145323
29-06-2005,-0.4861438358727334
28-06-2005,3.170259781408279
27-06-2005,0.6953656722338467
24-06-2005,-2.2525522542991334
23-06-2005,-2.5365846279539044
22-06-2005,-0.1415135404033454
21-06-2005,-0.5046698868707267
20-06-2005,-0.39605297868208134
17-06-2005,-2.232298061378144
16-06-2005,-1.0203404204034203
15-06-2005,-0.951551652739702
14-06-2005,1.291847992571563
13-06-2005,1.5807458208457335
10-06-2005,-0.08842345867193767
09-06-2005,1.348673895161864
08-06-2005,-2.3575843498477806
07-06-2005,4.850481949382644
06-06-2005,-0.7437281885373672
03-06-2005,-3.670856338134268
02-06-2005,2.7260441352165534
01-06-2005,0.034727928677145824
31-05-2005,-3.725687202195628
27-05-2005,-4.064637676546743
26-05-2005,-2.556387119222968
25-05-2005,0.6211364198986358
24-05-2005,-1.8442487439814175
23-05-2005,-0.21484238160042415
20-05-2005,-5.41789472962368
19-05-2005,-1.0057478788497556
18-05-2005,-0.008362717237085635
17-05-2005,-2.5213286168384594
16-05-2005,-0.8922070944703813
13-05-2005,-0.7833789829865774
12-05-2005,-0.22683327113991797
11-05-2005,1.1236406870678477
10-05-2005,-1.5089249890153775
09-05-2005,-0.7813903259624777
06-05-2005,0.8848803763179605
05-05-2005,-0.4561008566564466
04-05-2005,0.6696642341823311
03-05-2005,-1.010941660138926
02-05-2005,-1.7242147664429341
29-04-2005,-1.0301856932187043
28-04-2005,-0.2499984097777293
27-04-2005,0.1503746160160169
26-04-2005,-0.4686501031345266
25-04-2005,2.1851405584154535
22-04-2005,-3.453677423582207
21-04-2005,-5.370458711688205
20-04-2005,-2.9967717291664084
19-04-2005,-3.3821261300694636
18-04-2005,-2.3145296945711653
15-04-2005,-1.0536464097525895
14-04-2005,3.48648903336548
13-04-2005,0.7730467451613839
12-04-2005,0.5338730239389091
11-04-2005,-0.37636111460384736
08-04-2005,-0.6106736821259603
07-04-2005,0.8903917374011847
06-04-2005,-2.343101604538877
05-04-2005,-0.3435208878106411
04-04-2005,-1.7394045494956112
01-04-2005,-2.8333939853255488
31-03-2005,0.2610534942828437
30-03-2005,-0.033243500612256165
29-03-2005,-0.4876672850093954
28-03-2005,1.0302405495216884
24-03-2005,-1.1961195256135622
23-03-2005,-0.15063055183367915
22-03-2005,-0.21231700363866166
21-03-2005,1.2765956731315695
18-03-2005,-0.4643906085771899
17-03-2005,-0.41657851036003307
16-03-2005,-2.058120387495163
15-03-2005,1.7141252548740666
14-03-2005,-2.02675898619727
11-03-2005,1.6058016552858407
10-03-2005,1.226097942290908
09-03-2005,0.7611947432450445
08-03-2005,2.1229719600476327
07-03-2005,1.949239789390832
04-03-2005,-1.5412266987308543
03-03-2005,0.5970924894159688
02-03-2005,-0.9785567661455812
01-03-2005,0.4752098439503179
28-02-2005,1.0372991462699372
25-02-2005,-1.127715456165662
24-02-2005,1.624785998721119
23-02-2005,2.6788090675386713
22-02-2005,-1.330236168711747
18-02-2005,3.4383613125347487
17-02-2005,-0.025254790352111447
16-02-2005,0.25770116170426016
15-02-2005,-1.6027395135802955
14-02-2005,-1.1473615406786561
11-02-2005,-2.896528689074863
10-02-2005,0.30949863754727697
09-02-2005,1.915100731059989
08-02-2005,3.685141889599263
07-02-2005,-1.3139332362953557
04-02-2005,4.249347280484284
03-02-2005,3.1806667550042746
02-02-2005,-2.3238217895342475
01-02-2005,-6.8265664758529425
31-01-2005,1.9385137918004263
28-01-2005,-2.699111304722265
27-01-2005,-1.1873551736842929
26-01-2005,0.616760371527907
25-01-2005,-6.404564289936424
24-01-2005,2.032523876934677
21-01-2005,4.183266563743453
20-01-2005,2.995541006759493
19-01-2005,1.7429819942034261
18-01-2005,3.345156680686427
14-01-2005,-1.9274102333525815
13-01-2005,-2.3203517218671874
12-01-2005,0.025601737166883888
11-01-2005,-0.9417550271267051
10-01-2005,0.785369358844106
07-01-2005,-0.6203264040470624
06-01-2005,-2.734074633544526
05-01-2005,2.630604451782189
04-01-2005,0.5115980117507862
03-01-2005,4.221084863968714
31-12-2004,-4.893694931577028
30-12-2004,2.494943268437138
29-12-2004,-2.3785432161518556
28-12-2004,-0.07257004310613269
27-12-2004,-0.4409658006733445
23-12-2004,-2.089521721443747
22-12-2004,-0.8515165907236173
21-12-2004,-1.3687617308349023
20-12-2004,0.6911567816444981
17-12-2004,-2.6699820042124087
16-12-2004,-2.0046603119357083
15-12-2004,1.8756711940959105
14-12-2004,-0.6063005052296351
13-12-2004,-4.611338047882872
10-12-2004,0.7040239357285457
09-12-2004,1.0369887200878738
08-12-2004,-1.9892756561906775
07-12-2004,0.8530474981184051
06-12-2004,2.83497096369302
03-12-2004,2.3313931640099335
02-12-2004,-0.5543299677301341
01-12-2004,0.3121507769939672
30-11-2004,1.1224775507104217
29-11-2004,-0.5110459701327236
26-11-2004,-0.9168779221768268
24-11-2004,-2.580964129162269
23-11-2004,-4.142825703532068
22-11-2004,-1.4446056685853363
19-11-2004,2.6044872152509924
18-11-2004,-1.0979946199712527
17-11-2004,2.960480141715634
16-11-2004,0.02319182563295071
15-11-2004,7.14617405096584
12-11-2004,-1.552442318227263
11-11-2004,0.5604391192315381
10-11-2004,-8.283250148894517
09-11-2004,0.5004204240478218
08-11-2004,2.282153766574225
05-11-2004,-1.8545345233836763
04-11-2004,9.064068677643752
03-11-2004,3.7736854646194424
02-11-2004,1.6695347989559712
01-11-2004,0.5952701204229588
29-10-2004,-2.7495798748432976
28-10-2004,1.3953025770970071
27-10-2004,-3.792033137071729
26-10-2004,-2.242300726256361
25-10-2004,3.0803074626329208
22-10-2004,-7.988258214961894
21-10-2004,-13.367744422675297
20-10-2004,-5.951261259873963
19-10-2004,5.302868272917961
18-10-2004,0.8246550378915224
15-10-2004,-3.3856264348162544
14-10-2004,-1.4641539875053062
13-10-2004,-0.7746542167861997
12-10-2004,-2.4840259779877787
11-10-2004,-1.5575037510479195
08-10-2004,1.826118167535124
07-10-2004,0.8131830070799352
06-10-2004,-1.2747506112037228
05-10-2004,0.9410478780787072
04-10-2004,-2.3921364083569734
01-10-2004,-1.8362160123236178
30-09-2004,-2.247699398997856
29-09-2004,1.1419737309941038
28-09-2004,-3.2194053520387564
27-09-2004,-6.779128496802675
24-09-2004,1.3275796726825426
23-09-2004,0.8261731979181844
22-09-2004,-2.0195310158182207
21-09-2004,-0.4561602674145076
20-09-2004,1.2898878786787287
17-09-2004,-1.5666930848800196
16-09-2004,-2.9959966543534255
15-09-2004,-1.7285273401810088
14-09-2004,-0.4553559056539096
13-09-2004,-3.5787937192435906
10-09-2004,-2.0186121236660997
09-09-2004,-2.8671773592255976
08-09-2004,-0.00977418922513529
07-09-2004,-0.7038104159714451
03-09-2004,-1.5455815474806707
02-09-2004,1.4998499653589243
01-09-2004,-1.241255637431887
31-08-2004,2.1147114675621235
30-08-2004,-0.3516665335848314
27-08-2004,4.058428470531105
26-08-2004,1.6580284711258584
25-08-2004,-1.7699887516398074
24-08-2004,-1.0660442597990838
23-08-2004,4.319635650736242
20-08-2004,-0.996344672594579
19-08-2004,-7.358501203027898
